[{"company":"Ortiz Group","position":"Associate Professor","status":"declined","jobType":"internship","createdBy":"685b75038e4a63905928d01a","createdAt":"2024-06-02T00:59:59Z"},
{"company":"Christiansen-Armstrong","position":"Project Manager","status":"declined","jobType":"internship","createdBy":"685b75038e4a63905928d01a","createdAt":"2024-03-07T01:10:22Z"},
{"company":"Bashirian LLC","position":"Assistant Media Planner","status":"declined","jobType":"full-time","createdBy":"685b75038e4a63905928d01a","createdAt":"2023-12-24T21:01:38Z"},
{"company":"Cronin LLC","position":"Analyst Programmer","status":"declined","jobType":"internship","createdBy":"685b75038e4a63905928d01a","createdAt":"2024-05-13T09:20:03Z"},
{"company":"Padberg-Mitchell","position":"Office Assistant I","status":"pending","jobType":"internship","createdBy":"685b75038e4a63905928d01a","createdAt":"2024-07-26T12:42:31Z"},
{"company":"DuBuque-Grimes","position":"Computer Systems Analyst II","status":"interview","jobType":"internship","createdBy":"685b75038e4a63905928d01a","createdAt":"2023-11-12T02:12:15Z"},
{"company":"Hackett-Turner","position":"Staff Scientist","status":"interview","jobType":"full-time","createdBy":"685b75038e4a63905928d01a","createdAt":"2024-06-14T10:24:06Z"},
{"company":"Hessel and Sons","position":"Accounting Assistant II","status":"interview","jobType":"full-time","createdBy":"685b75038e4a63905928d01a","createdAt":"2024-08-14T10:00:02Z"},
{"company":"Reynolds-Effertz","position":"Administrative Officer","status":"interview","jobType":"full-time","createdBy":"685b75038e4a63905928d01a","createdAt":"2024-07-24T07:46:47Z"},
{"company":"Hahn, Schumm and DuBuque","position":"Clinical Specialist","status":"pending","jobType":"remote","createdBy":"685b75038e4a63905928d01a","createdAt":"2024-07-16T23:12:24Z"},
{"company":"Jerde-McGlynn","position":"Occupational Therapist","status":"interview","jobType":"remote","createdBy":"685b75038e4a63905928d01a","createdAt":"2024-10-12T00:52:42Z"},
{"company":"Conn Inc","position":"Analog Circuit Design manager","status":"interview","jobType":"full-time","createdBy":"685b75038e4a63905928d01a","createdAt":"2024-01-18T09:10:49Z"},
{"company":"Abshire, Rodriguez and Pagac","position":"Desktop Support Technician","status":"pending","jobType":"full-time","createdBy":"685b75038e4a63905928d01a","createdAt":"2024-05-19T13:38:20Z"},
{"company":"Turcotte, Strosin and Considine","position":"Account Coordinator","status":"interview","jobType":"part-time","createdBy":"685b75038e4a63905928d01a","createdAt":"2023-12-29T15:41:45Z"},
{"company":"Price Inc","position":"Research Nurse","status":"pending","jobType":"full-time","createdBy":"685b75038e4a63905928d01a","createdAt":"2024-03-18T22:50:55Z"},
{"company":"Keeling LLC","position":"Developer II","status":"interview","jobType":"remote","createdBy":"685b75038e4a63905928d01a","createdAt":"2024-02-04T20:03:02Z"},
{"company":"Russel-Stiedemann","position":"Structural Analysis Engineer","status":"interview","jobType":"internship","createdBy":"685b75038e4a63905928d01a","createdAt":"2024-05-28T18:18:39Z"},
{"company":"Jerde-Buckridge","position":"Programmer Analyst II","status":"declined","jobType":"full-time","createdBy":"685b75038e4a63905928d01a","createdAt":"2024-04-11T18:01:47Z"},
{"company":"Yundt-Greenfelder","position":"Biostatistician I","status":"declined","jobType":"remote","createdBy":"685b75038e4a63905928d01a","createdAt":"2024-08-07T17:22:10Z"},
{"company":"Gusikowski, Douglas and Purdy","position":"Assistant Media Planner","status":"declined","jobType":"part-time","createdBy":"685b75038e4a63905928d01a","createdAt":"2024-01-18T13:27:21Z"},
{"company":"Mayert-Stiedemann","position":"Assistant Manager","status":"pending","jobType":"internship","createdBy":"685b75038e4a63905928d01a","createdAt":"2024-09-20T13:59:05Z"},
{"company":"Gutmann and Sons","position":"Physical Therapy Assistant","status":"pending","jobType":"full-time","createdBy":"685b75038e4a63905928d01a","createdAt":"2024-10-20T09:01:21Z"},
{"company":"Herzog, Herman and Strosin","position":"Accountant IV","status":"pending","jobType":"remote","createdBy":"685b75038e4a63905928d01a","createdAt":"2024-04-03T11:41:11Z"},
{"company":"Powlowski-Grant","position":"Engineer II","status":"declined","jobType":"full-time","createdBy":"685b75038e4a63905928d01a","createdAt":"2024-01-10T23:32:54Z"},
{"company":"McClure-Olson","position":"Account Executive","status":"declined","jobType":"full-time","createdBy":"685b75038e4a63905928d01a","createdAt":"2024-02-29T16:38:55Z"},
{"company":"Romaguera-Harber","position":"Paralegal","status":"interview","jobType":"internship","createdBy":"685b75038e4a63905928d01a","createdAt":"2024-07-17T08:15:54Z"},
{"company":"Okuneva, Koch and Morissette","position":"Recruiter","status":"interview","jobType":"part-time","createdBy":"685b75038e4a63905928d01a","createdAt":"2024-08-16T12:05:23Z"},
{"company":"Kulas LLC","position":"Administrative Officer","status":"declined","jobType":"internship","createdBy":"685b75038e4a63905928d01a","createdAt":"2024-03-11T06:30:51Z"},
{"company":"Davis, Schulist and Mills","position":"VP Quality Control","status":"interview","jobType":"part-time","createdBy":"685b75038e4a63905928d01a","createdAt":"2024-03-11T15:15:43Z"},
{"company":"Ebert, Brekke and Turner","position":"Assistant Media Planner","status":"declined","jobType":"part-time","createdBy":"685b75038e4a63905928d01a","createdAt":"2024-07-26T00:19:45Z"},
{"company":"Bernier-Powlowski","position":"Software Test Engineer I","status":"pending","jobType":"remote","createdBy":"685b75038e4a63905928d01a","createdAt":"2024-05-26T01:00:21Z"},
{"company":"Adams, Bergstrom and Bergnaum","position":"VP Accounting","status":"pending","jobType":"remote","createdBy":"685b75038e4a63905928d01a","createdAt":"2024-07-07T00:03:26Z"},
{"company":"Trantow, Douglas and Russel","position":"VP Marketing","status":"interview","jobType":"remote","createdBy":"685b75038e4a63905928d01a","createdAt":"2023-12-28T19:10:21Z"},
{"company":"Trantow and Sons","position":"Senior Financial Analyst","status":"declined","jobType":"remote","createdBy":"685b75038e4a63905928d01a","createdAt":"2024-02-18T15:39:20Z"},
{"company":"Leuschke Inc","position":"Assistant Manager","status":"declined","jobType":"remote","createdBy":"685b75038e4a63905928d01a","createdAt":"2024-08-08T22:18:54Z"},
{"company":"O'Hara, Romaguera and Lubowitz","position":"Research Nurse","status":"declined","jobType":"part-time","createdBy":"685b75038e4a63905928d01a","createdAt":"2024-10-23T09:13:29Z"},
{"company":"Lubowitz and Sons","position":"Human Resources Assistant III","status":"pending","jobType":"remote","createdBy":"685b75038e4a63905928d01a","createdAt":"2024-03-17T17:09:45Z"},
{"company":"Koepp-Raynor","position":"Recruiting Manager","status":"declined","jobType":"internship","createdBy":"685b75038e4a63905928d01a","createdAt":"2024-08-07T23:26:52Z"},
{"company":"Cormier, Ward and Kub","position":"Research Nurse","status":"declined","jobType":"remote","createdBy":"685b75038e4a63905928d01a","createdAt":"2024-08-25T13:29:40Z"},
{"company":"Lynch, Terry and Baumbach","position":"Marketing Assistant","status":"pending","jobType":"internship","createdBy":"685b75038e4a63905928d01a","createdAt":"2024-07-14T20:19:54Z"},
{"company":"Mayer Inc","position":"Programmer IV","status":"pending","jobType":"part-time","createdBy":"685b75038e4a63905928d01a","createdAt":"2024-09-14T11:35:28Z"},
{"company":"Hodkiewicz and Sons","position":"Geological Engineer","status":"declined","jobType":"full-time","createdBy":"685b75038e4a63905928d01a","createdAt":"2024-03-20T06:37:04Z"},
{"company":"Langosh and Sons","position":"Compensation Analyst","status":"interview","jobType":"internship","createdBy":"685b75038e4a63905928d01a","createdAt":"2023-12-31T13:51:46Z"},
{"company":"Schaden-Waters","position":"Administrative Officer","status":"declined","jobType":"internship","createdBy":"685b75038e4a63905928d01a","createdAt":"2024-06-20T20:13:16Z"},
{"company":"Pacocha Inc","position":"Human Resources Manager","status":"declined","jobType":"remote","createdBy":"685b75038e4a63905928d01a","createdAt":"2024-03-01T21:03:38Z"},
{"company":"Graham-Herman","position":"Design Engineer","status":"declined","jobType":"full-time","createdBy":"685b75038e4a63905928d01a","createdAt":"2024-04-02T18:22:56Z"},
{"company":"Schmitt, Wilderman and MacGyver","position":"Developer II","status":"interview","jobType":"part-time","createdBy":"685b75038e4a63905928d01a","createdAt":"2024-07-27T13:38:39Z"},
{"company":"Pagac, Marks and Grady","position":"Chief Design Engineer","status":"declined","jobType":"remote","createdBy":"685b75038e4a63905928d01a","createdAt":"2024-02-08T21:33:22Z"},
{"company":"Bogan-Senger","position":"Assistant Professor","status":"declined","jobType":"remote","createdBy":"685b75038e4a63905928d01a","createdAt":"2024-05-30T10:29:27Z"},
{"company":"Price-Tremblay","position":"Structural Analysis Engineer","status":"declined","jobType":"part-time","createdBy":"685b75038e4a63905928d01a","createdAt":"2023-11-26T23:01:42Z"},
{"company":"Jerde LLC","position":"Quality Engineer","status":"pending","jobType":"internship","createdBy":"685b75038e4a63905928d01a","createdAt":"2024-05-12T13:59:36Z"},
{"company":"Toy Group","position":"Automation Specialist I","status":"interview","jobType":"remote","createdBy":"685b75038e4a63905928d01a","createdAt":"2024-06-24T09:58:34Z"},
{"company":"Huels, Kub and Bernier","position":"Project Manager","status":"interview","jobType":"remote","createdBy":"685b75038e4a63905928d01a","createdAt":"2024-10-23T11:35:04Z"},
{"company":"Windler-Graham","position":"Cost Accountant","status":"declined","jobType":"full-time","createdBy":"685b75038e4a63905928d01a","createdAt":"2024-07-13T16:36:07Z"},
{"company":"Heathcote, Toy and Kuphal","position":"Staff Scientist","status":"declined","jobType":"internship","createdBy":"685b75038e4a63905928d01a","createdAt":"2024-07-19T14:56:10Z"},
{"company":"Nader, Tillman and Hessel","position":"General Manager","status":"pending","jobType":"full-time","createdBy":"685b75038e4a63905928d01a","createdAt":"2024-03-02T10:03:18Z"},
{"company":"Bode-Kerluke","position":"Tax Accountant","status":"interview","jobType":"full-time","createdBy":"685b75038e4a63905928d01a","createdAt":"2024-08-19T04:54:36Z"},
{"company":"Hyatt Inc","position":"Engineer I","status":"declined","jobType":"internship","createdBy":"685b75038e4a63905928d01a","createdAt":"2024-02-08T14:33:33Z"},
{"company":"Kuhlman, Graham and Sporer","position":"Engineer IV","status":"interview","jobType":"full-time","createdBy":"685b75038e4a63905928d01a","createdAt":"2024-04-25T17:00:27Z"},
{"company":"Schamberger, Kertzmann and Bins","position":"Safety Technician IV","status":"declined","jobType":"full-time","createdBy":"685b75038e4a63905928d01a","createdAt":"2024-04-03T07:32:37Z"},
{"company":"Bartell and Sons","position":"Community Outreach Specialist","status":"pending","jobType":"remote","createdBy":"685b75038e4a63905928d01a","createdAt":"2024-08-29T05:15:59Z"},
{"company":"Bergnaum-Halvorson","position":"Desktop Support Technician","status":"declined","jobType":"remote","createdBy":"685b75038e4a63905928d01a","createdAt":"2024-01-03T17:01:03Z"},
{"company":"VonRueden-Kuhic","position":"Budget/Accounting Analyst III","status":"interview","jobType":"internship","createdBy":"685b75038e4a63905928d01a","createdAt":"2024-01-16T13:56:02Z"},
{"company":"Koss Inc","position":"Nurse","status":"pending","jobType":"full-time","createdBy":"685b75038e4a63905928d01a","createdAt":"2024-05-16T14:35:40Z"},
{"company":"Schinner Group","position":"Professor","status":"interview","jobType":"internship","createdBy":"685b75038e4a63905928d01a","createdAt":"2023-12-20T17:14:02Z"},
{"company":"Walker-Stamm","position":"Software Consultant","status":"declined","jobType":"part-time","createdBy":"685b75038e4a63905928d01a","createdAt":"2024-01-18T01:57:51Z"},
{"company":"Little, Pagac and Welch","position":"Director of Sales","status":"interview","jobType":"full-time","createdBy":"685b75038e4a63905928d01a","createdAt":"2024-06-18T19:46:34Z"},
{"company":"Littel LLC","position":"Administrative Officer","status":"pending","jobType":"full-time","createdBy":"685b75038e4a63905928d01a","createdAt":"2024-08-27T22:58:35Z"},
{"company":"Kovacek-Gleason","position":"Desktop Support Technician","status":"interview","jobType":"part-time","createdBy":"685b75038e4a63905928d01a","createdAt":"2024-07-21T21:06:03Z"},
{"company":"Brekke and Sons","position":"Staff Accountant II","status":"declined","jobType":"internship","createdBy":"685b75038e4a63905928d01a","createdAt":"2024-10-04T03:50:01Z"},
{"company":"Prosacco-Hessel","position":"Health Coach I","status":"interview","jobType":"full-time","createdBy":"685b75038e4a63905928d01a","createdAt":"2024-08-15T19:15:32Z"},
{"company":"Hyatt, Torp and Daniel","position":"Executive Secretary","status":"interview","jobType":"remote","createdBy":"685b75038e4a63905928d01a","createdAt":"2024-03-27T20:31:56Z"},
{"company":"Koss and Sons","position":"Help Desk Technician","status":"interview","jobType":"part-time","createdBy":"685b75038e4a63905928d01a","createdAt":"2023-12-17T20:46:46Z"},
{"company":"Dooley, Huels and Hodkiewicz","position":"Structural Engineer","status":"declined","jobType":"part-time","createdBy":"685b75038e4a63905928d01a","createdAt":"2024-08-04T14:06:31Z"},
{"company":"Balistreri-Dibbert","position":"Senior Financial Analyst","status":"pending","jobType":"full-time","createdBy":"685b75038e4a63905928d01a","createdAt":"2024-01-07T01:40:16Z"}]